{
  "objects": [
    {
      "top": 29.9006,
      "fill": null,
      "left": 37.253,
      "path": [
        [
          "M",
          39.75301895262091,
          58.38191998083218
        ],
        [
          "Q",
          39.758018952620915,
          58.38191998083218,
          40.25739291577993,
          58.38191998083218
        ],
        [
          "Q",
          40.756766878938954,
          58.38191998083218,
          41.75551480525699,
          58.38191998083218
        ],
        [
          "Q",
          42.75426273157504,
          58.38191998083218,
          43.75301065789308,
          58.38191998083218
        ],
        [
          "Q",
          44.75175858421112,
          58.38191998083218,
          46.749254436847195,
          59.38100853189636
        ],
        [
          "Q",
          48.74675028948327,
          60.380097082960546,
          52.24236803159641,
          62.37827418508892
        ],
        [
          "Q",
          55.737985773709546,
          64.3764512872173,
          58.23485558950465,
          66.87417266487776
        ],
        [
          "Q",
          60.73172540529975,
          69.37189404253823,
          64.22734314741288,
          72.86870397126287
        ],
        [
          "Q",
          67.72296088952602,
          76.36551389998753,
          71.71795259479818,
          81.36095665530846
        ],
        [
          "Q",
          75.71294430007033,
          86.3563994106294,
          78.70918807902444,
          90.85229789041824
        ],
        [
          "Q",
          81.70543185797857,
          95.34819637020708,
          84.70167563693269,
          100.8431834010601
        ],
        [
          "Q",
          87.69791941588682,
          106.33817043191313,
          90.69416319484094,
          111.83315746276615
        ],
        [
          "Q",
          93.69040697379505,
          117.32814449361918,
          95.68790282643113,
          121.82404297340801
        ],
        [
          "Q",
          97.68539867906719,
          126.31994145319686,
          99.68289453170327,
          131.3153842085178
        ],
        [
          "Q",
          101.68039038433935,
          136.31082696383874,
          102.6791383106574,
          141.30626971915967
        ],
        [
          "Q",
          103.67788623697544,
          146.30171247448058,
          103.67788623697544,
          150.2980666787373
        ],
        [
          "Q",
          103.67788623697544,
          154.29442088299407,
          103.67788623697544,
          157.29168653618666
        ],
        [
          "Q",
          103.67788623697544,
          160.28895218937922,
          103.67788623697544,
          164.28530639363595
        ],
        [
          "Q",
          103.67788623697544,
          168.2816605978927,
          103.67788623697544,
          169.2807491489569
        ],
        [
          "Q",
          103.67788623697544,
          170.2798377000211,
          103.67788623697544,
          171.77847052661735
        ],
        [
          "Q",
          103.67788623697544,
          173.27710335321365,
          102.17976434749838,
          175.275280455342
        ],
        [
          "Q",
          100.68164245802132,
          177.27345755747038,
          99.68289453170328,
          178.77209038406664
        ],
        [
          "Q",
          98.68414660538524,
          180.27072321066294,
          98.18477264222622,
          180.77026748619505
        ],
        [
          "Q",
          97.68539867906719,
          181.26981176172714,
          97.18602471590819,
          181.26981176172714
        ],
        [
          "Q",
          96.68665075274917,
          181.26981176172714,
          96.18727678959016,
          181.26981176172714
        ],
        [
          "Q",
          95.68790282643113,
          181.26981176172714,
          95.18852886327211,
          181.26981176172714
        ],
        [
          "Q",
          94.6891549001131,
          181.26981176172714,
          93.69040697379506,
          181.26981176172714
        ],
        [
          "Q",
          92.69165904747702,
          181.26981176172714,
          91.19353715799996,
          177.77300183300247
        ],
        [
          "Q",
          89.6954152685229,
          174.2761919042778,
          88.69666734220485,
          170.27983770002106
        ],
        [
          "Q",
          87.69791941588682,
          166.28348349576433,
          85.70042356325074,
          160.7884964649113
        ],
        [
          "Q",
          83.70292771061466,
          155.29350943405828,
          82.70417978429661,
          149.29897812767317
        ],
        [
          "Q",
          81.70543185797857,
          143.30444682128805,
          80.70668393166054,
          138.8085483414992
        ],
        [
          "Q",
          79.70793600534249,
          134.31264986171036,
          79.70793600534249,
          129.31720710638942
        ],
        [
          "Q",
          79.70793600534249,
          124.3217643510685,
          79.70793600534249,
          119.82586587127966
        ],
        [
          "Q",
          79.70793600534249,
          115.32996739149081,
          79.70793600534249,
          111.83315746276615
        ],
        [
          "Q",
          79.70793600534249,
          108.3363475340415,
          82.2048058211376,
          104.33999332978476
        ],
        [
          "Q",
          84.70167563693269,
          100.34363912552801,
          87.69791941588682,
          97.84591774786755
        ],
        [
          "Q",
          90.69416319484094,
          95.34819637020708,
          96.68665075274916,
          92.85047499254662
        ],
        [
          "Q",
          102.6791383106574,
          90.35275361488615,
          108.17225190540661,
          89.85320933935407
        ],
        [
          "Q",
          113.66536550015583,
          89.35366506382196,
          120.1572270212231,
          89.35366506382196
        ],
        [
          "Q",
          126.64908854229034,
          89.35366506382196,
          131.64282817388053,
          89.35366506382196
        ],
        [
          "Q",
          136.63656780547072,
          89.35366506382196,
          141.1309334739019,
          89.35366506382196
        ],
        [
          "Q",
          145.6252991423331,
          89.35366506382196,
          149.62029084760525,
          90.35275361488615
        ],
        [
          "Q",
          153.6152825528774,
          91.35184216595033,
          156.11215236867253,
          92.85047499254662
        ],
        [
          "Q",
          158.60902218446762,
          94.3491078191429,
          160.60651803710368,
          96.34728492127127
        ],
        [
          "Q",
          162.60401388973978,
          98.34546202339965,
          163.6027618160578,
          100.34363912552803
        ],
        [
          "Q",
          164.60150974237584,
          102.3418162276564,
          165.10088370553487,
          106.83771470744523
        ],
        [
          "Q",
          165.6002576686939,
          111.33361318723406,
          166.59900559501193,
          114.83042311595872
        ],
        [
          "Q",
          167.59775352132996,
          118.32723304468337,
          167.59775352132996,
          121.32449869787592
        ],
        [
          "Q",
          167.59775352132996,
          124.3217643510685,
          167.59775352132996,
          128.31811855532524
        ],
        [
          "Q",
          167.59775352132996,
          132.31447275958197,
          167.59775352132996,
          135.31173841277456
        ],
        [
          "Q",
          167.59775352132996,
          138.30900406596712,
          167.59775352132996,
          139.80763689256338
        ],
        [
